"Country","Region","Happiness.Score","Class","Mean.years.of.schooling","Carbon.Dioxide.Emissions.per.GDP","Change.Florest.Area","Gender.Inequality.Index","Child.malnutrition","Current.health.expenditure","Homicide.Rate","Net.migration.rate","Unemployment","Vulnerable.employment","Suicide.Rate","Contraceptive.prevalence","GDP.per.capita","Life.expectancy.at.birth","Median.age","Refugees.by.country.of.origin","Share.parliament.by.women"
"'Switzerland'"," 'WesternEurope'",7.587,2,13.1,0.08,9.3,0.047,NA,11.9,0.7,9.9,4.8,9,11.5,71.6,66162,83.1,42.2,0,28.9
"'Iceland'"," 'WesternEurope'",7.561,2,12.2,0.14,213.7,0.075,NA,8.2,0.9,-1.3,4,9.1,12.85,NA,51739,82.5,36,0,41.3
"'Denmark'"," 'WesternEurope'",7.527,2,12.5,0.13,14.7,0.044,NA,10.2,1.1,3.8,6.2,5.1,8.65,NA,53019,80.5,41.6,0,37.4
"'Norway'"," 'WesternEurope'",7.522,2,12.5,0.12,-0.1,0.054,NA,10.1,0.5,8.8,4.3,5.3,10.15,NA,61896,81.9,39.2,0,39.6
"'Canada'"," 'NorthAmerica'",7.427,2,13.2,0.37,-0.4,0.114,NA,10.5,1.7,7.1,6.9,10.6,10.55,NA,47770,82,40.4,0.1,28.3
"'Finland'"," 'WesternEurope'",7.406,2,12.7,0.2,1.8,0.063,NA,9.7,1.5,3,9.4,10,12.35,85.5,45073,81.2,42.5,NA,41.5
"'Netherlands'"," 'WesternEurope'",7.378,2,12.2,0.2,9.4,0.048,NA,10.3,0.6,0.7,6.9,13,9.65,73,53223,81.7,42.1,0.1,36.4
"'Sweden'"," 'WesternEurope'",7.364,2,12.4,0.09,0.8,0.045,NA,11,1.1,5.3,7.4,6.7,12.3,NA,51705,82.3,40.9,0,43.6
"'NewZealand'"," 'AustraliaandNewZealand'",7.286,2,12.4,0.2,5.1,0.149,NA,9.3,1,4,5.4,11.2,11.75,79.9,40467,81.7,37.3,0,31.4
"'Australia'"," 'AustraliaandNewZealand'",7.284,2,12.5,0.34,-2.8,0.11,2,9.3,1,8.6,6.1,10.9,12.25,66.9,48020,82.8,37.2,0,30.5
"'Israel'"," 'MiddleEastandNorthernAfrica'",7.278,2,12.9,0.24,26.7,0.114,NA,7.1,1.4,0.5,5.3,8,4.9,NA,37633,82.3,30.2,0.5,26.7
"'CostaRica'"," 'LatinAmericaandCaribbean'",7.226,2,8.6,0.1,8.7,0.316,5.6,7.8,11.5,0.8,9,21.1,7.55,70.9,18024,79.6,31.2,0.2,33.3
"'Austria'"," 'WesternEurope'",7.2,2,12.6,0.17,2.6,0.089,NA,10.4,0.5,6.3,5.7,8.5,11.75,79,53165,81.2,43.2,0,30.3
"'Mexico'"," 'LatinAmericaandCaribbean'",7.187,2,8.6,0.22,-5.5,0.347,10,5.8,17,-0.7,4.3,27.7,5.7,73.1,19288,74.9,27.7,14.6,40.6
"'UnitedStates'"," 'NorthAmerica'",7.119,2,13.3,0.29,2.7,0.238,3.5,16.8,5,3.2,5.3,3.9,13.4,75.9,58536,78.9,37.6,0.3,19.5
"'Brazil'"," 'LatinAmericaandCaribbean'",6.983,2,7.6,0.15,-9.9,0.439,7,8.9,28.6,0,8.4,26.9,6.3,80.2,15059,75,31.4,1.4,10.8
"'Luxembourg'"," 'WesternEurope'",6.946,2,12,0.18,NA,0.077,NA,5.5,0.9,18.1,6.7,6.2,11.55,NA,110952,81.6,39.3,0,28.3
"'Ireland'"," 'WesternEurope'",6.94,2,12.3,0.13,63.4,0.128,NA,7.3,0.7,-4.9,9.9,11.9,10.9,73.3,71243,81.3,36.5,0,19.9
"'Belgium'"," 'WesternEurope'",6.937,2,11.7,0.2,NA,0.057,NA,10.3,2,4.7,8.5,10.9,15.25,66.7,49492,81,41.3,0,42.4
"'UnitedArabEmirates'"," 'MiddleEastandNorthernAfrica'",6.901,2,10.6,0.31,32.1,0.175,NA,3.6,0.6,6.1,1.9,0.4,2.15,NA,65219,77.3,32.6,0.2,22.5
"'UnitedKingdom'"," 'WesternEurope'",6.867,2,12.8,0.16,13.8,0.147,NA,9.7,1,4,5.3,12.5,7.65,NA,44913,81.1,40,0.1,26.7
"'Oman'"," 'MiddleEastandNorthernAfrica'",6.853,2,9.5,0.39,0,0.325,11.4,4.3,0.4,48.5,3.6,2.5,3,29.7,30193,76.9,29,0,8.2
"'Venezuela'"," 'LatinAmericaandCaribbean'",6.81,2,10.1,0.3,-10.6,0.483,13.4,5.1,52,-2.9,7.4,33.3,4,75,NA,72.6,27.3,93.3,17
"'Singapore'"," 'SoutheasternAsia'",6.798,2,11.6,0.1,-5.5,0.067,NA,4.2,0.3,11.8,3.8,8.3,7.7,NA,89366,82.9,39.7,0,23.9
"'Panama'"," 'LatinAmericaandCaribbean'",6.786,2,9.9,0.13,-8.7,0.432,19,6.8,11.9,1.5,3,30.7,4.05,50.8,28436,77.8,28.4,0.1,18.3
"'Germany'"," 'WesternEurope'",6.75,2,14.1,0.21,1,0.076,1.7,11.1,0.8,4.8,4.6,6.1,9.4,80.3,51209,80.8,45.9,0.1,36.9
"'Chile'"," 'LatinAmericaandCaribbean'",6.67,2,10.2,0.22,18.2,0.3,1.8,8.3,3.4,1.9,6.5,21.5,10.2,76.3,23634,79.6,33.8,0.5,15.8
"'Qatar'"," 'MiddleEastandNorthernAfrica'",6.611,2,9.7,0.27,0,0.524,NA,3.1,NA,54.7,0.2,0.1,4.1,37.5,97306,79.8,31.5,0,0.1
"'France'"," 'WesternEurope'",6.575,2,11.5,0.12,18.5,0.085,NA,11.5,1.6,1.3,10.4,7.3,12.6,78.4,43553,82.2,41.2,0.1,25.7
"'Argentina'"," 'LatinAmericaandCaribbean'",6.574,2,10.4,0.23,-22.9,NA,7.9,8.8,6.6,0.1,7.8,20.5,8.9,81.3,23934,76.1,30.5,0.1,37.1
"'CzechRepublic'"," 'CentralandEasternEurope'",6.505,2,12.7,0.32,1.6,0.134,NA,7.2,0.8,1.1,5,13.8,10.85,NA,36167,78.7,41.4,1.2,19.6
"'Uruguay'"," 'LatinAmericaandCaribbean'",6.485,2,8.7,0.1,134.1,0.302,10.7,9,8.6,-1.8,7.5,23.1,17.95,79.6,20588,77.4,35,0,19.2
"'Colombia'"," 'LatinAmericaandCaribbean'",6.477,2,8.1,0.13,-9.2,0.433,12.7,7.3,26.9,-0.8,8.3,46.9,8.3,81,14238,76.5,29.5,80.7,20.9
"'Thailand'"," 'SoutheasternAsia'",6.455,2,7.6,0.24,17.3,0.424,10.5,3.7,3.5,0.5,0.6,48.7,13.3,78.4,16302,76.1,37.9,0.5,6.1
"'SaudiArabia'"," 'MiddleEastandNorthernAfrica'",6.411,2,9.8,0.34,0,0.277,NA,6,1.5,11.7,5.6,3,3.15,24.6,48921,74.7,30,1.8,19.9
"'Spain'"," 'WesternEurope'",6.329,2,10,0.17,33.6,0.084,NA,9.1,0.6,-2.2,22.1,12.3,5.85,72.2,37451,83,42.5,0.1,38
"'Malta'"," 'WesternEurope'",6.302,2,11.2,0.11,0,0.196,NA,9.2,0.9,7.3,5.4,9.3,7,NA,38781,81.9,41.1,0,12.9
"'Kuwait'"," 'MiddleEastandNorthernAfrica'",6.295,2,7.1,0.35,81.2,0.328,6.4,4,NA,34,2.2,0.5,2.1,NA,54834,75.1,33.5,1.3,1.5
"'Suriname'"," 'LatinAmericaandCaribbean'",6.269,2,9,0.26,-0.7,0.452,8.8,6.2,6.1,-1.8,7.2,12.3,24.7,39.1,17349,71.2,27.9,0,25.5
"'TrinidadandTobago'"," 'LatinAmericaandCaribbean'",6.168,2,10.9,0.51,-1.9,0.34,9.2,6,30.6,-0.6,2.2,16.7,13.05,40.3,29183,72.9,33.8,0.3,31.5
"'ElSalvador'"," 'LatinAmericaandCaribbean'",6.13,2,6.6,0.15,-30.9,0.388,13.6,7.6,105.2,-7.7,4,36,14.85,71.9,8143,72.4,25.7,41.9,32.1
"'Guatemala'"," 'LatinAmericaandCaribbean'",6.123,2,6.4,0.13,-26.2,0.509,46.7,6,29.4,-0.6,2.5,36.9,3.45,60.6,8125,73.3,21.3,22.8,13.9
"'Uzbekistan'"," 'CentralandEasternEurope'",6.003,2,11.4,0.53,5.4,0.29,10.8,6.1,1.6,-0.4,5.2,43.2,7.45,NA,6087,70.9,26.2,3.2,16.4
"'Slovakia'"," 'CentralandEasternEurope'",5.995,2,12.5,0.19,1,0.186,NA,6.8,0.8,0.4,11.5,12,10.5,NA,29454,76.8,39.2,1.3,18.7
"'Japan'"," 'EasternAsia'",5.987,2,12.5,0.25,0,0.121,7.1,10.9,0.3,0.6,3.4,9,15.1,39.8,39673,83.9,46.4,0,11.6
"'SouthKorea'"," 'EasternAsia'",5.984,2,12.1,0.33,-4.1,0.076,2.5,7,0.7,1.6,3.6,19.8,21.95,82.3,38870,82.1,40.8,0.2,16.3
"'Ecuador'"," 'LatinAmericaandCaribbean'",5.975,2,8.7,0.22,-5,0.391,23.9,8.6,6.5,-0.5,3.6,41.6,9.85,80.1,11896,76.1,26.5,1.7,41.6
"'Bahrain'"," 'MiddleEastandNorthernAfrica'",5.96,2,9.3,0.51,145.9,0.236,NA,5,NA,6.4,1.1,1,5.05,NA,48304,76.8,31.2,0.6,15
"'Italy'"," 'WesternEurope'",5.948,2,10.1,0.16,23.2,0.086,NA,9,0.8,5.5,11.9,17.8,5.35,65.1,40445,82.8,45.4,0.1,30.1
"'Bolivia'"," 'LatinAmericaandCaribbean'",5.89,2,8.7,0.26,-13.2,0.44,16.1,6.6,6.2,-1.1,3.1,64,13.15,66.5,7984,70.3,24.1,0.5,51.8
"'Moldova'"," 'CentralandEasternEurope'",5.889,2,11.6,0.46,29.6,0.237,6.4,8.6,4.6,-0.3,3.7,36.4,14.7,59.5,10361,71.5,35.6,2.4,21.8
"'Paraguay'"," 'LatinAmericaandCaribbean'",5.878,2,8.5,0.08,-29.1,0.455,5.6,6.7,9.2,-2.7,4.6,38.8,9.6,68.4,11810,73.7,24.7,0.1,16.8
"'Kazakhstan'"," 'CentralandEasternEurope'",5.855,2,11.7,0.61,-3.3,0.212,8,3,4.9,1.9,4.9,25.6,26.35,53,24290,71.3,29.4,2.8,20.1
"'Slovenia'"," 'CentralandEasternEurope'",5.848,2,11.9,0.22,5.1,0.063,NA,8.5,1,1.6,9,12.9,15.05,NA,33950,80.7,43,0,27.7
"'Lithuania'"," 'CentralandEasternEurope'",5.833,2,12.8,0.14,12.3,0.133,NA,6.5,5.9,-9.7,9.1,10,30.2,NA,30801,74.9,42.7,0.1,23.4
"'Nicaragua'"," 'LatinAmericaandCaribbean'",5.828,2,6.5,0.17,-31,0.442,17.3,8,8.4,-4.5,4.7,40.2,12.2,80.4,5630,73.6,24.6,4.4,41.3
"'Peru'"," 'LatinAmericaandCaribbean'",5.824,2,9.1,0.14,-5.3,0.425,12.2,5,7.4,-4.2,3,50.1,5.15,76.3,12110,75.8,27.5,2.8,22.3
"'Belarus'"," 'CentralandEasternEurope'",5.813,2,12.2,0.33,11.1,0.153,NA,6.1,3.5,1.5,5.9,3.3,22.65,71.2,18308,73.7,39.5,3.4,29.2
"'Poland'"," 'CentralandEasternEurope'",5.791,2,12.2,0.3,6.5,0.141,2.6,6.4,0.8,-1.7,7.5,17.3,13.4,62.3,27871,77.9,39.7,1,24.8
"'Malaysia'"," 'SoutheasternAsia'",5.77,2,10.2,0.29,-0.7,0.27,20.7,3.9,NA,1.7,3.1,22.1,6.15,52.2,24792,75.5,28.2,1.2,13.2
"'Croatia'"," 'CentralandEasternEurope'",5.759,2,11.3,0.18,3.8,0.151,NA,6.8,0.9,-1.8,16.2,10.5,12.8,NA,24449,77.9,43.1,23.8,15.2
"'Libya'"," 'MiddleEastandNorthernAfrica'",5.754,2,7.3,0.47,0,0.256,38.1,NA,NA,-9.5,18.9,5.8,4.6,27.7,11022,72.1,27.1,16,16
"'Russia'"," 'CentralandEasternEurope'",5.716,2,11.8,0.48,0.8,0.256,NA,5.3,11.5,2.5,5.6,5.9,28.9,68,25566,71.5,38.6,62.3,14.5
"'Jamaica'"," 'LatinAmericaandCaribbean'",5.709,2,9.5,0.31,-2.8,0.414,6,5.7,41.8,-4,13.5,36.5,2.05,72.5,9471,74.1,29,2.5,16.7
"'Cyprus'"," 'WesternEurope'",5.689,2,11.9,0.23,7.2,0.114,NA,6.8,1.3,4,14.9,12.6,4.3,NA,34376,80.3,34.9,0,12.5
"'Algeria'"," 'MiddleEastandNorthernAfrica'",5.605,2,7.9,0.24,17.8,0.427,11.7,7,1.4,-0.8,11.2,27,3.4,57.1,11511,76.1,27.5,4.5,25.7
"'Turkmenistan'"," 'CentralandEasternEurope'",5.548,2,9.8,0.84,0,NA,11.5,6.3,NA,-1.9,4,26,7.7,50.2,12994,67.7,25.6,0.5,25.8
"'Mauritius'"," 'Sub-SaharanAfrica'",5.477,2,9.1,0.17,-6,0.403,NA,5.7,1.7,-1.9,7.4,17,8.2,63.8,19897,74.5,35.6,0.2,11.6
"'HongKong'"," 'EasternAsia'",5.474,2,NA,0.12,NA,NA,NA,NA,0.3,2.1,3.3,6,NA,66.7,57216,84,43.2,0,NA
"'Estonia'"," 'CentralandEasternEurope'",5.429,2,12.9,0.44,-1.4,0.144,NA,6.4,3.4,-1.6,6.2,5.8,13.85,NA,31209,77.8,41.6,0.3,23.8
"'Indonesia'"," 'SoutheasternAsia'",5.399,2,7.9,0.17,-23.8,0.494,30.8,3,0.6,-0.4,4.5,47.5,3.75,55.5,10150,70.8,28.5,11.1,17.1
"'Vietnam'"," 'SoutheasternAsia'",5.36,2,8,0.36,67.1,0.319,23.8,5.7,NA,-0.9,2.1,57.8,7.2,77.5,6438,75.1,30.5,316.4,24.3
"'Turkey'"," 'MiddleEastandNorthernAfrica'",5.332,2,7.6,0.18,22.8,0.339,6,4.1,2.8,4.7,10.2,28.4,7.3,69.8,26015,76.5,29.9,83.3,14.9
"'Kyrgyzstan'"," 'CentralandEasternEurope'",5.286,2,10.9,0.52,-24.8,0.389,11.8,7.1,5.1,-3.3,7.6,38,9,39.4,4805,70.9,25.1,3,19.2
"'Nigeria'"," 'Sub-SaharanAfrica'",5.268,2,6.2,0.08,-61.8,NA,36.8,3.6,NA,-0.4,4.3,77.9,17.4,27.6,5515,53.1,17.9,295.6,5.8
"'Bhutan'"," 'SouthernAsia'",5.253,2,3.4,NA,35.1,0.492,33.5,3.7,1.6,0.1,2.5,72.8,11.65,65.6,10086,70.4,25.7,7,8.3
"'Azerbaijan'"," 'CentralandEasternEurope'",5.212,1,10.5,0.2,37.7,0.316,17.8,6.7,2.3,0.2,5,55.5,2.7,54.9,14854,72.3,30.3,11.1,16.9
"'Pakistan'"," 'SouthernAsia'",5.194,1,5.1,0.17,-43.5,0.541,37.6,2.7,4.8,-1.1,3.6,59.2,3.15,34.2,4278,66.6,21.8,137.2,20
"'Jordan'"," 'MiddleEastandNorthernAfrica'",5.192,1,10.3,0.31,-0.6,0.481,7.8,7.6,1.6,25.6,13.1,9.3,3.7,51.8,9971,74.1,22.1,2.4,11.6
"'Montenegro'"," 'CentralandEasternEurope'",5.192,1,11.3,0.26,32.1,0.158,9.4,NA,2.7,-1,17.5,11.8,7.9,20.7,18212,76.5,37.7,0.7,17.3
"'China'"," 'EasternAsia'",5.14,1,7.7,0.5,33.6,0.172,8.1,4.9,0.7,-0.2,4.6,48.1,8.2,84.5,12692,75.9,36.7,212.9,23.6
"'Zambia'"," 'Sub-SaharanAfrica'",5.129,1,6.9,0.06,-8.2,0.573,34.6,4.4,5.4,-0.7,10.1,78.7,11.75,49.5,3444,61.7,16.7,0.3,12.7
"'Romania'"," 'CentralandEasternEurope'",5.124,1,10.9,0.17,8.4,0.317,NA,4.9,1.7,-3,6.8,27.9,9.35,NA,23944,75.5,41.3,1.4,12
"'Serbia'"," 'CentralandEasternEurope'",5.123,1,11,0.5,9.9,0.163,6,8.8,1.2,0.7,17.7,26.4,11,58.4,15514,75.3,40.5,NA,34
"'Portugal'"," 'WesternEurope'",5.102,1,9.1,0.17,-7.8,0.099,NA,9,1,-2.7,12.4,13.6,9.05,73.9,31158,81.2,43.9,0,34.8
"'Latvia'"," 'CentralandEasternEurope'",5.098,1,12.8,0.16,5.8,0.217,NA,5.7,3.4,-8.1,9.9,8.3,18.1,NA,26490,74.7,42.6,0.1,18
"'Philippines'"," 'SoutheasternAsia'",5.073,1,9.3,0.15,26.3,0.436,30.3,4.3,9.4,-1.7,3.1,37.9,3.85,54.1,7300,70.6,24.1,0.5,27.1
"'Somalilandregion'"," 'Sub-SaharanAfrica'",5.057,1,NA,NA,-24.1,NA,25.3,NA,NA,-3.6,11.6,87.5,8.4,NA,NA,55.9,16.2,904.7,13.8
"'Morocco'"," 'MiddleEastandNorthernAfrica'",5.013,1,5,0.22,13.5,0.471,15.1,5.1,1.2,-2.2,9.5,49.8,3.1,70.8,7130,75.7,27.9,4.6,15.7
"'Macedonia'"," 'CentralandEasternEurope'",5.007,1,9.6,0.27,10.3,0.162,4.9,6.3,1.2,-0.9,26.1,21.8,6.35,40.2,14956,75.4,37.4,1.8,33.3
"'Mozambique'"," 'Sub-SaharanAfrica'",4.971,1,3.1,0.2,-13,0.546,42.3,5.3,NA,-0.2,3.4,83.6,9.1,27.1,1263,57.2,17.1,0.1,39.6
"'Albania'"," 'CentralandEasternEurope'",4.959,1,10,0.13,-2.3,0.207,11.3,NA,2.2,-9.4,17.1,56.6,5.35,46,12126,78,34.9,15,20.7
"'BosniaandHerzegovina'"," 'CentralandEasternEurope'",4.949,1,9,0.52,-1.1,0.168,8.9,9.3,1.7,-14.5,27.7,18.8,6.8,45.8,12794,76.9,40.7,16.6,19.3
"'Lesotho'"," 'Sub-SaharanAfrica'",4.898,1,6.1,NA,25,0.558,34.6,8.4,43.6,-4.7,24.4,16.6,27.3,64.9,2727,51,23,0,24.8
"'DominicanRepublic'"," 'LatinAmericaandCaribbean'",4.885,1,7.8,0.16,82.5,0.472,7.1,6,NA,-3.1,7.6,41.2,10.35,69.5,15328,73.2,26.5,0.5,19.1
"'Laos'"," 'SoutheasternAsia'",4.876,1,5.1,NA,7.4,0.478,33.1,2.5,NA,-3.5,0.7,81.7,9.45,54.1,6544,66.5,22.8,6.8,25
"'Mongolia'"," 'EasternAsia'",4.874,1,10.1,0.51,-0.6,0.326,9.4,4.2,7.1,-0.3,4.9,49.4,13.65,48.1,11023,69.1,27.1,2.4,14.5
"'Swaziland'"," 'Sub-SaharanAfrica'",4.867,1,6.6,NA,25.1,0.562,25.5,7.1,10.1,-7.7,23.5,32.3,17.25,66.1,8375,55.4,19.7,0.2,14.7
"'Greece'"," 'WesternEurope'",4.857,1,10.6,0.25,23.8,0.124,NA,8.1,0.9,-3,24.9,28.1,3.65,NA,28537,81.5,43.4,0.1,19.7
"'Lebanon'"," 'MiddleEastandNorthernAfrica'",4.839,1,8.5,0.32,4.9,0.448,NA,7.7,3.5,41.5,6.4,27.2,3.25,54.5,16299,78.8,27.6,5.8,3.1
"'Hungary'"," 'CentralandEasternEurope'",4.8,1,11.8,0.18,14.3,0.235,NA,7,2.3,0.6,6.8,5.8,15.45,61.6,27541,76,41.7,4,10.1
"'Honduras'"," 'LatinAmericaandCaribbean'",4.788,1,6.3,0.25,-45,0.427,22.6,7.7,56.5,-0.7,6.1,41.8,3.35,73.2,5283,74.5,22.5,26.4,25.8
"'Tajikistan'"," 'CentralandEasternEurope'",4.786,1,10.5,0.19,1.9,0.324,17.5,6.9,NA,-3.4,11.5,43.2,3.4,29.3,2822,70.1,22,2,14.7
"'Tunisia'"," 'MiddleEastandNorthernAfrica'",4.739,1,7,0.21,63.5,0.275,8.4,7,NA,-2.8,15.2,20.5,3.3,50.7,10520,75.9,31.3,2.1,31.3
"'PalestinianTerritories'"," 'MiddleEastandNorthernAfrica'",4.715,1,9,NA,1,NA,7.4,NA,1.2,-7.3,23,25,NA,57.2,5559,73.4,19.5,96.3,NA
"'Bangladesh'"," 'SouthernAsia'",4.694,1,5.8,0.14,-4.5,0.562,30.8,2.5,2.6,-3,4.4,58.8,6.35,62.3,3700,71.5,25.7,22.9,20
"'Iran'"," 'MiddleEastandNorthernAfrica'",4.686,1,9.9,0.43,17.8,0.507,6.8,7.8,NA,-1.3,11.1,40.3,3.95,77.4,12698,75.8,29.7,129.7,3.1
"'Ukraine'"," 'CentralandEasternEurope'",4.681,1,11.4,0.6,4.4,0.288,NA,6.9,NA,0.6,9.1,14.7,20.15,65.4,11237,71.5,40,59.9,12.1
"'Iraq'"," 'MiddleEastandNorthernAfrica'",4.677,1,6.8,0.25,3.4,0.566,12.6,3.1,NA,8,10.7,21.8,4.15,52.8,10311,69.9,20,343.9,26.5
"'SouthAfrica'"," 'Sub-SaharanAfrica'",4.642,1,10.1,0.62,0,0.419,27.4,8.2,33.7,3.5,25.2,9.4,13.7,54.6,12840,62.6,26.4,0.5,41.2
"'Ghana'"," 'Sub-SaharanAfrica'",4.633,1,6.9,0.14,8.6,0.556,17.5,4.6,1.9,-0.4,6.8,69.9,9.25,33,4670,62.8,20.7,18.4,10.9
"'Zimbabwe'"," 'Sub-SaharanAfrica'",4.61,1,8.2,0.35,-38,0.546,23.5,7.5,NA,-9.4,5.3,65.2,19.9,66.8,2958,59.5,18.4,10.6,35.1
"'Liberia'"," 'Sub-SaharanAfrica'",4.571,1,4.4,NA,-15.8,0.66,30.1,10.3,NA,1.2,2.1,77.4,12.9,31.2,1580,62.3,18.8,5.4,10.7
"'India'"," 'SouthernAsia'",4.565,1,6.2,0.28,10.8,0.55,34.7,3.6,3.4,-0.4,5.6,76.9,16.75,53.5,5454,68.6,26.8,12,12.2
"'Sudan'"," 'Sub-SaharanAfrica'",4.55,1,3.6,0.1,NA,0.564,38.2,7.2,NA,-2.9,17.3,50.2,9.5,12.2,4192,64.4,18.9,732.8,31
"'Haiti'"," 'LatinAmericaandCaribbean'",4.518,1,5.3,0.18,-17.1,0.632,21.9,8.6,10,-2.9,14,72.9,12.45,34.3,1764,62.5,22.7,26.7,3.5
"'Congo(Kinshasa)'"," 'Sub-SaharanAfrica'",4.517,1,6.4,0.04,-5,0.641,42.7,3.9,NA,0,4.4,80.1,9.8,20.4,1065,59.3,16.8,807.2,8.2
"'Nepal'"," 'SouthernAsia'",4.514,1,4.7,0.09,-24.7,0.493,36.1,6.2,NA,-15.1,1.5,79.6,10.2,52.6,2912,69.5,22.2,8.2,29.5
"'Ethiopia'"," 'Sub-SaharanAfrica'",4.512,1,2.6,0.07,NA,0.534,36.8,3.9,NA,0.8,2.2,87.1,11.75,40.1,1779,65,18.3,95.7,37.3
"'SierraLeone'"," 'Sub-SaharanAfrica'",4.507,1,3.4,NA,-0.3,0.653,29.5,20.4,1.7,-0.6,4.6,86.6,15.65,21.2,1552,52.9,18.7,5.3,12.4
"'Mauritania'"," 'Sub-SaharanAfrica'",4.436,1,4.3,NA,-46.7,0.64,22.8,4.7,NA,1.3,9.8,53.5,7.7,17.8,5127,63.9,19.6,37.4,22.2
"'Kenya'"," 'Sub-SaharanAfrica'",4.419,1,6.3,0.11,-5.8,0.537,26.2,5.2,4.7,-0.2,2.8,53.2,5.75,60.5,3825,64.8,18.9,8,20.8
"'Djibouti'"," 'Sub-SaharanAfrica'",4.369,1,4.1,NA,0,NA,33.5,4.4,NA,1.4,10.6,45.9,8.35,19,4489,64.1,25,2.4,12.7
"'Armenia'"," 'CentralandEasternEurope'",4.35,1,11.7,0.2,-0.8,0.309,9.4,10.1,2.6,-2.1,18.3,41.9,6.45,57.1,11321,74.5,33.8,11,10.7
"'Botswana'"," 'Sub-SaharanAfrica'",4.332,1,9.2,0.22,-21.7,0.481,28.9,5.7,NA,-7.1,17.7,26.5,12.45,67.4,16714,67.3,23,0.2,9.5
"'Myanmar'"," 'SoutheasternAsia'",4.307,1,4.9,0.07,-27.3,0.466,29.4,5.2,2.2,-2,0.8,61.6,7.95,52.2,4269,65.8,27.5,1030.8,13
"'Georgia'"," 'CentralandEasternEurope'",4.297,1,12.7,0.26,2.6,0.359,11.3,7.9,NA,-4.7,16.5,52.3,7.05,40.6,12605,73,37.7,7.5,11.3
"'Malawi'"," 'Sub-SaharanAfrica'",4.292,1,4.4,NA,-19.7,0.594,39,9.3,NA,-1,5.8,59.8,8.25,59.2,1027,62,17.2,0.6,16.7
"'SriLanka'"," 'SouthernAsia'",4.271,1,10.9,0.09,-9.7,0.412,17.3,3.9,2.3,-4.7,4.5,40.8,15.05,61.7,11891,76.3,32.3,110.4,4.9
"'Cameroon'"," 'Sub-SaharanAfrica'",4.252,1,6,0.08,-23.5,0.572,28.9,4.7,1.2,-0.3,3.5,74.2,19.8,19.3,3459,57.6,18.2,66.3,27.1
"'Bulgaria'"," 'CentralandEasternEurope'",4.218,1,11.3,0.37,17.6,0.227,7,8.2,1.8,-0.7,9.1,8.5,8.15,NA,19599,74.6,43.4,0.6,20.4
"'Egypt'"," 'MiddleEastandNorthernAfrica'",4.194,1,7.1,0.21,67.3,NA,22.3,5.3,NA,-0.6,13.1,25.5,4.25,58.5,10570,71.3,24.3,27.5,NA
"'Yemen'"," 'MiddleEastandNorthernAfrica'",4.077,1,3,0.14,0,0.819,46.4,4.2,NA,-0.6,13.4,43.7,9.95,33.5,NA,66.1,19.1,36.5,0.5
"'Angola'"," 'Sub-SaharanAfrica'",4.033,1,5,0.12,-5.3,0.534,37.6,2.6,NA,1.3,7.3,66.8,9.75,13.7,8036,59.4,16.4,8.2,36.8
"'Mali'"," 'Sub-SaharanAfrica'",3.995,1,2.1,NA,-30.7,0.681,26.9,4.1,NA,-3.7,7.7,80.3,9.15,17.2,2141,57.5,16,164.5,8.8
"'Congo(Brazzaville)'"," 'Sub-SaharanAfrica'",3.989,1,6.5,0.12,-1.8,0.588,21.2,3.4,NA,-2.6,9.9,75.9,9.75,30.1,3802,63.1,18.9,13.5,11.5
"'Comoros'"," 'Sub-SaharanAfrica'",3.956,1,4.8,NA,-25.3,NA,31.1,7.8,NA,-2.7,4.5,64.1,11.5,19.4,2960,63.5,19.7,0.7,3
"'Uganda'"," 'Sub-SaharanAfrica'",3.931,1,5.7,NA,-59.3,0.544,28.9,6.5,NA,-1.7,1.9,75.8,20.15,41.8,2052,61.4,15.9,7.5,35
"'Senegal'"," 'Sub-SaharanAfrica'",3.904,1,2.9,0.17,-11.9,0.542,18.8,4.4,0.3,-3.1,6.8,65.7,13.1,27.8,2966,66.7,18.1,17.2,42.7
"'Gabon'"," 'Sub-SaharanAfrica'",3.896,1,8.1,0.1,5.5,0.537,17,2.7,NA,11.2,20.3,31.4,9.95,31.1,15509,64.9,22.3,0.4,16
"'Niger'"," 'Sub-SaharanAfrica'",3.845,1,1.8,0.11,-41.9,0.668,48.5,7.1,NA,0.2,0.5,93.9,9.15,11,1131,60.6,14.9,3.1,13.3
"'Cambodia'"," 'SoutheasternAsia'",3.819,1,4.7,0.16,-27.9,0.483,32.4,6.2,NA,-2,0.4,52.3,6.1,56.3,3544,68.6,23.9,11.9,19
"'Tanzania'"," 'Sub-SaharanAfrica'",3.781,1,5.9,0.08,-18.3,0.565,31.8,3.6,7.3,-1,2.1,83.7,9.75,38.4,2354,63.1,17.6,0.9,36
"'Madagascar'"," 'Sub-SaharanAfrica'",3.681,1,6.1,NA,-9.1,NA,41.6,5.7,NA,-0.1,1.8,85.6,7.15,44.3,1547,65.5,18.7,0.3,20.5
"'CentralAfricanRepublic'"," 'Sub-SaharanAfrica'",3.678,1,4.2,NA,-1.8,NA,37.5,6.3,NA,-17.8,3.9,91.6,12.55,15.2,853,50.9,17.1,610.2,NA
"'Chad'"," 'Sub-SaharanAfrica'",3.667,1,2.3,NA,-29.2,0.714,39.8,4.5,NA,1.5,1.8,92.9,15.65,5.7,1857,53.1,16,11.2,14.9
"'Guinea'"," 'Sub-SaharanAfrica'",3.656,1,2.7,NA,-12.9,NA,30.3,5.8,NA,-5.4,4.4,90,10.8,10.9,2090,59.6,17.1,26.9,21.9
"'BurkinaFaso'"," 'Sub-SaharanAfrica'",3.587,1,1.4,NA,-22.7,0.619,24.9,5.8,0.6,-1.5,6.4,87.1,15.75,32.5,1935,59.9,17,11.7,9.4
"'Afghanistan'"," 'SouthernAsia'",3.575,1,3.6,NA,0,0.702,38.2,10.1,9.8,3.3,11.4,82.7,6.5,18.9,2213,63.4,17.2,2721.5,27.4
"'Rwanda'"," 'Sub-SaharanAfrica'",3.465,1,4,NA,53.1,0.412,38.3,6.5,2.6,-2,1.1,69,11.7,53.2,1889,67.5,19.4,246.7,57.5
"'Benin'"," 'Sub-SaharanAfrica'",3.34,1,3.5,0.26,-26,0.624,32.2,4,NA,-0.9,2.6,88.3,16.05,15.5,2946,60.6,18.2,0.7,7.2
"'Syria'"," 'MiddleEastandNorthernAfrica'",3.006,1,5.1,0.64,32.1,0.494,27.9,NA,NA,-54.7,8.5,32.7,2.45,53.9,NA,69.9,23.6,6599.3,12.4
"'Burundi'"," 'Sub-SaharanAfrica'",2.905,1,2.9,NA,-2.9,0.509,54,6.6,4.5,-1.5,1.6,94.6,15.2,28.5,825,60.1,17.1,381.5,37.8
"'Togo'"," 'Sub-SaharanAfrica'",2.839,1,4.6,0.18,-75.4,0.577,23.8,6.2,NA,-0.3,2.2,81.6,16.5,23.9,1447,59.9,18.8,8,17.6
